epoch	arm	cpu_usec	cpu_throttled	uptime_s	nMR	VmRSS_kB	VmHWM_kB	anon_kB	privclean_kB	cg_current_kB	cg_anon_kB	cg_active_anon_kB	cg_anon_thp_kB	cg_file_kB	cg_inactive_file_kB	cg_peak_kB	heapalloc_kB	heapinuse_kB	heapidle_kB	heapreleased_kB	heapsys_kB	gosys_kB	goroutines	nextgc_kB
1788080021	r100-50	94150269	0	1718	50	250968	372500	81204	169760	83072	81204	81200	8192	4	4	217900	31011	40056	147368	144472	187424	227642	6034	36658
1788080041	r100-50	95360798	0	1738	50	250988	372500	81224	169760	82840	81224	81220	8192	4	4	217900	28181	39768	147752	144472	187520	227642	6034	36986
1788080061	r100-50	95772384	0	1758	50	251024	372500	81260	169760	82864	81260	81256	8192	4	4	217900	31303	40376	147112	144472	187488	227642	6034	36507
1788080081	r100-50	97083448	0	1778	50	251044	372500	81280	169760	82920	81280	81272	8192	4	4	217900	32699	40744	146648	144472	187392	227898	6035	36497
1788080102	r100-50	97920353	0	1799	50	251056	372500	81292	169760	82896	81292	81288	8192	4	4	217900	32618	40632	146792	144472	187424	227898	6034	36415
1788080122	r100-50	98269048	0	1819	50	251060	372500	81296	169760	83660	81296	81292	8192	4	4	217900	29171	39624	147928	144472	187552	227898	6034	36756
1788080142	r100-50	99578522	0	1839	50	251080	372500	81316	169760	84176	81316	81312	8192	4	4	217900	28848	39728	147792	144472	187520	228154	6035	36634
1788080162	r100-50	100509717	0	1859	50	251840	372500	82076	169760	84208	82076	82072	8192	4	4	217900	30526	40536	146920	143712	187456	228154	6034	36875
1788080183	r100-50	100834024	0	1880	50	251844	372500	82080	169760	84456	82080	82076	8192	4	4	217900	30932	40544	146976	143712	187520	228154	6034	37158
1788080203	r100-50	102240285	0	1900	50	251868	372500	82104	169760	83976	82104	82100	8192	4	4	217900	33776	41144	146216	143712	187360	228410	6034	37046
1788080223	r100-50	103156655	0	1920	50	251888	372500	82124	169760	83740	82124	82120	8192	4	4	217900	32592	40920	146504	143712	187424	228410	6034	36770
1788080243	r100-50	103464735	0	1940	50	251892	372500	82128	169760	84500	82128	82124	8192	4	4	217900	29769	40488	147000	143712	187488	228410	6034	36461
1788080263	r100-50	105041993	0	1960	50	251352	372500	81588	169760	83708	81584	81580	8192	4	4	217900	28958	40040	147448	144288	187488	228410	6034	37964
1788080284	r100-50	105825156	0	1981	50	251368	372500	81604	169760	83716	81604	81600	8192	4	4	217900	28407	39736	147784	144288	187520	228410	6034	36062
1788080304	r100-50	106236585	0	2001	50	251444	372500	81680	169760	84044	81680	81676	8192	4	4	217900	28135	39808	147712	144216	187520	228410	6034	36920
1788080324	r100-50	107700441	0	2021	50	251464	372500	81700	169760	84592	81700	81696	8192	4	4	217900	29797	39904	147584	144216	187488	228410	6036	36688
1788080344	r100-50	108515406	0	2041	50	251480	372500	81716	169760	83580	81716	81712	8192	4	4	217900	31474	40760	146696	144216	187456	228410	6036	36712
1788080365	r100-50	109060887	0	2062	50	251480	372500	81716	169760	83096	81716	81712	8192	4	4	217900	28183	39576	147944	144216	187520	228410	6036	36820
1788080385	r100-50	110614849	0	2082	50	251500	372500	81736	169760	84604	81736	81724	8192	4	4	217900	27781	39360	148192	144216	187552	228410	6040	36495
1788080405	r100-50	111281153	0	2102	50	251504	372500	81740	169760	83872	81740	81736	8192	4	4	217900	30098	39832	147656	144216	187488	228410	6040	36358
1788080425	r100-50	111834193	0	2122	50	251508	372500	81744	169760	83624	81744	81740	8192	4	4	217900	29159	39704	147848	144216	187552	228410	6038	36932
1788080445	r100-50	113724750	0	2142	50	251536	372500	81772	169760	84556	81772	81764	8192	4	4	217900	28821	39480	148040	144216	187520	228410	6038	36933
# 1788080458 MATRIX DONE
# 1788080458 MATRIX DONE
# 1788080458 MATRIX DONE
# 1788080458 ARM v10-ctrl-50 ENV BIN=provider-v10 UPJET_FAMILY_FILTER=s3 GODEBUG=disablethp=1 GOGC=25 UPJET_PPROF_ADDR=:6060 RATE=10 UPJET_LAZY_CONVERT=1 UPJET_SHARE_SCHEME=1 UPJET_NO_LOG_SAMPLER=1 UPJET_CLEAR_SCHEMAFUNC=1 UPJET_STRIP_CACHE_METADATA=1 UPJET_SCHEME_FAMILY=1 UPJET_CACHE_AWS_CLIENT=1
# 1788080465 READY v10-ctrl-50 ready_s=3
# 1788080465 LOG v10-ctrl-50 {"level":"info","ts":1788080464.453831,"logger":"provider-aws","msg":"provider configuration built","sinceStart":"903.307042ms","clusterResources":25,"namespacedResources":25}
1788080465	v10-ctrl-50	2917569	0	2	0	225656	281192	62884	162768	64212	62884	62880	0	32	32	124120	24180	30016	75584	74184	105600	141206	6019	31990
1788080485	v10-ctrl-50	3277796	0	22	0	232404	281192	66820	165580	68820	66820	66816	0	32	32	124120	25780	31712	73632	69960	105344	141206	6032	32571
1788080506	v10-ctrl-50	3597184	0	43	0	233028	281192	67392	165632	68956	67392	67384	0	32	32	124120	25814	31696	73680	69664	105376	141206	6031	32696
1788080526	v10-ctrl-50	3928192	0	63	0	233448	281192	67812	165632	70492	67812	67772	0	32	32	124120	25267	31200	74240	69496	105440	141206	6031	32672
1788080546	v10-ctrl-50	4166851	0	83	0	233592	281192	67956	165632	69528	67956	67952	0	32	32	124120	28208	33984	71360	69288	105344	141206	6031	32728
# 1788080555 PHASE v10-ctrl-50 idle-done
# 1788080565 CREATED v10-ctrl-50 ready_buckets=50 in 100s
1788080566	v10-ctrl-50	7581785	0	103	50	246820	281192	77300	169516	79232	77300	77296	0	32	32	124120	27595	38792	65592	60752	104384	141974	6068	35721
1788080586	v10-ctrl-50	7854653	0	123	50	247912	281192	78392	169516	80352	78392	78384	8192	32	32	124120	31035	40888	63496	60752	104384	141974	6068	36344
1788080606	v10-ctrl-50	8165973	0	143	50	247912	281192	78392	169516	80576	78392	78388	8192	32	32	124120	28497	39344	65104	60752	104448	141974	6068	35975
1788080627	v10-ctrl-50	10325288	0	164	50	247000	281192	77480	169516	78876	77480	77476	8192	32	32	124120	30077	38640	65744	61712	104384	141974	6058	36155
1788080647	v10-ctrl-50	10663071	0	184	50	247000	281192	77480	169516	79620	77480	77476	8192	32	32	124120	28955	38432	66112	61712	104544	141974	6042	35620
1788080667	v10-ctrl-50	10993493	0	204	50	247000	281192	77480	169516	79596	77480	77476	8192	32	32	124120	29098	38456	66120	61712	104576	141974	6036	35893
1788080687	v10-ctrl-50	13152302	0	224	50	245980	281192	76400	169576	78012	76400	76396	8192	32	32	124120	30734	38800	65936	62800	104736	141974	6036	35934
1788080707	v10-ctrl-50	13500883	0	244	50	245980	281192	76400	169576	78544	76400	76396	8192	32	32	124120	29982	38784	66080	62800	104864	141974	6036	35915
1788080727	v10-ctrl-50	13838915	0	264	50	245980	281192	76400	169576	78256	76400	76396	8192	32	32	124120	28583	37984	66944	62800	104928	141974	6036	36137
1788080748	v10-ctrl-50	16063488	0	285	50	246064	281192	76424	169636	78284	76424	76420	8192	32	32	124120	29800	38088	66744	62800	104832	142230	6036	36342
# 1788080765 LIMITS v10-ctrl-50 restarts=0 lastTerm=none max=max peak=4927488 events: low 0 high 0 max 0 oom 0 oom_kill 0 oom_group_kill 0 sock_throttled 0 
# 1788080765 END v10-ctrl-50
# 1788080765 ARM v10-nodebug-50 ENV BIN=provider-v10 UPJET_FAMILY_FILTER=s3 GODEBUG=disablethp=1 GOGC=25 UPJET_PPROF_ADDR=:6060 RATE=10 UPJET_LAZY_CONVERT=1 UPJET_SHARE_SCHEME=1 UPJET_NO_LOG_SAMPLER=1 UPJET_CLEAR_SCHEMAFUNC=1 UPJET_STRIP_CACHE_METADATA=1 UPJET_SCHEME_FAMILY=1 UPJET_CACHE_AWS_CLIENT=1 UPJET_SUPPRESS_SDK_DEBUG_LOG=1
# 1788080773 READY v10-nodebug-50 ready_s=3
# 1788080773 LOG v10-nodebug-50 {"level":"info","ts":1788080771.435966,"logger":"provider-aws","msg":"provider configuration built","sinceStart":"859.047542ms","clusterResources":25,"namespacedResources":25}
1788080788	v10-nodebug-50	2986631	0	18	0	228056	281396	64764	163288	67728	64764	64760	0	4	4	126276	24357	29920	75904	72520	105824	141446	6021	32206
1788080808	v10-nodebug-50	3229054	0	38	0	229440	281396	66148	163288	67644	66148	66144	0	4	4	126276	26976	32608	73120	71472	105728	141446	6021	32151
1788080828	v10-nodebug-50	3507296	0	58	0	230080	281396	66788	163288	68524	66788	66732	0	4	4	126276	25698	31208	74552	70816	105760	141446	6021	32178
1788080848	v10-nodebug-50	3844401	0	78	0	230728	281396	67180	163544	68428	67172	67080	0	4	4	126276	24874	30368	75392	70456	105760	141446	6021	32288
# 1788080863 PHASE v10-nodebug-50 idle-done
1788080868	v10-nodebug-50	6256093	0	98	50	242924	281396	75644	167276	77304	75644	75640	0	4	4	126276	27373	37704	67512	62592	105216	141446	6059	35996
# 1788080874 CREATED v10-nodebug-50 ready_buckets=50 in 101s
1788080889	v10-nodebug-50	6515931	0	119	50	242924	281396	75644	167276	77256	75644	75640	0	4	4	126276	30223	39672	65576	62592	105248	141446	6059	35836
1788080909	v10-nodebug-50	6874653	0	139	50	242988	281396	75644	167340	77008	75644	75640	0	4	4	126276	30168	39592	65688	62592	105280	141446	6059	35854
1788080929	v10-nodebug-50	8518517	0	159	50	242068	281396	74532	167532	76104	74532	74516	0	4	4	126276	27526	36768	68448	63808	105216	141446	6043	36090
1788080949	v10-nodebug-50	8779923	0	179	50	242136	281396	74536	167596	76364	74536	74532	0	4	4	126276	30328	38728	66520	63808	105248	141446	6043	35837
1788080969	v10-nodebug-50	9119123	0	199	50	242144	281396	74544	167596	76088	74544	74540	0	4	4	126276	29787	38168	67112	63808	105280	141446	6027	35862
1788080989	v10-nodebug-50	10789298	0	219	50	241504	281396	73908	167592	76456	73908	73904	0	4	4	126276	28541	36432	68752	64512	105184	141446	6027	35476
1788081010	v10-nodebug-50	11181743	0	240	50	241572	281396	73912	167656	75712	73912	73908	0	4	4	126276	28874	37360	67984	64512	105344	141446	6027	35595
1788081030	v10-nodebug-50	11548706	0	260	50	241572	281396	73912	167656	75468	73912	73908	0	4	4	126276	29082	37304	68040	64512	105344	141446	6027	35857
1788081050	v10-nodebug-50	13231214	0	280	50	241068	281396	73408	167656	75704	73408	73396	0	4	4	126276	30045	36960	68224	65088	105184	141446	6033	36049
1788081070	v10-nodebug-50	13607733	0	300	50	241072	281396	73412	167656	75472	73412	73408	0	4	4	126276	28938	37264	68048	65088	105312	141446	6033	35828
# 1788081074 LIMITS v10-nodebug-50 restarts=0 lastTerm=none max=max peak=129306624 events: low 0 high 0 max 0 oom 0 oom_kill 0 oom_group_kill 0 sock_throttled 0 
# 1788081074 END v10-nodebug-50
# 1788081074 ARM v10-ctrl-500 ENV BIN=provider-v10 UPJET_FAMILY_FILTER=s3 GODEBUG=disablethp=1 GOGC=25 UPJET_PPROF_ADDR=:6060 RATE=10 UPJET_LAZY_CONVERT=1 UPJET_SHARE_SCHEME=1 UPJET_NO_LOG_SAMPLER=1 UPJET_CLEAR_SCHEMAFUNC=1 UPJET_STRIP_CACHE_METADATA=1 UPJET_SCHEME_FAMILY=1 UPJET_CACHE_AWS_CLIENT=1 MRS=500
# 1788081080 READY v10-ctrl-500 ready_s=2
# 1788081080 LOG v10-ctrl-500 {"level":"info","ts":1788081079.8033547,"logger":"provider-aws","msg":"provider configuration built","sinceStart":"865.959584ms","clusterResources":25,"namespacedResources":25}
1788081090	v10-ctrl-500	2881044	0	12	0	228068	277088	64524	163540	66516	64524	64424	0	4	4	121884	25539	30736	70704	68608	101440	137294	6021	32371
1788081110	v10-ctrl-500	3177012	0	32	0	230136	277088	66592	163540	68560	66584	66556	0	4	4	121884	24859	30152	71352	66736	101504	137294	6021	32199
1788081131	v10-ctrl-500	3452198	0	53	0	230532	277088	66992	163536	68480	66944	66940	0	4	4	121884	27712	33256	68184	66456	101440	137294	6021	32098
1788081151	v10-ctrl-500	3807092	0	73	0	232080	277088	68160	163916	70152	68152	68148	0	4	4	121884	26034	31600	69808	65344	101408	137294	6021	32406
# 1788081170 PHASE v10-ctrl-500 idle-done
1788081171	v10-ctrl-500	5970584	0	93	388	258144	277088	89652	168488	91916	89452	89332	0	4	4	121884	38690	48088	45256	43048	93344	137294	6249	47946
1788081191	v10-ctrl-500	31070015	0	113	500	284516	290764	115072	169440	116916	115072	115064	0	4	4	125892	56046	72632	26632	20640	99264	139350	6068	63656
# 1788081192 CREATED v10-ctrl-500 ready_buckets=500 in 112s
1788081211	v10-ctrl-500	31366042	0	133	500	284204	290764	114632	169568	116224	114632	114616	0	4	4	125892	53603	71208	28504	21096	99712	139350	6068	62668
1788081232	v10-ctrl-500	32650541	0	154	500	283760	290764	114188	169568	117044	114184	114172	0	4	4	125892	52971	69976	29640	21584	99616	139350	6068	62126
1788081252	v10-ctrl-500	47615863	0	174	500	283584	294500	113436	170144	115532	113436	113432	0	4	4	128924	53319	72400	27184	22936	99584	139878	6068	62291
1788081272	v10-ctrl-500	48080534	0	194	500	283760	294500	113612	170144	115716	113612	113608	0	4	4	128924	51279	71472	28528	22760	100000	139878	6068	62251
1788081292	v10-ctrl-500	49910123	0	214	500	283812	294500	113664	170144	115988	113652	113640	0	4	4	128924	56662	72400	27408	22760	99808	139878	6068	62990
1788081313	v10-ctrl-500	61567487	0	235	500	282432	294500	112220	170208	114384	112220	112216	0	4	4	128924	50440	68080	32400	24656	100480	140134	6064	63467
1788081333	v10-ctrl-500	61938774	0	255	500	283120	294500	112908	170208	114824	112908	112904	0	4	4	128924	54544	70368	30144	23968	100512	140134	6064	62402
1788081353	v10-ctrl-500	64038249	0	275	500	281968	294500	111756	170208	114400	111748	111724	0	4	4	128924	54641	68752	31824	25160	100576	140134	6052	63380
1788081373	v10-ctrl-500	75668544	0	295	500	280984	294500	110708	170272	112348	110708	110688	0	4	4	128924	52195	67992	32712	26584	100704	140902	6050	62827
# 1788081392 LIMITS v10-ctrl-500 restarts=0 lastTerm=none max=max peak=5345280 events: low 0 high 0 max 0 oom 0 oom_kill 0 oom_group_kill 0 sock_throttled 0 
# 1788081392 END v10-ctrl-500
# 1788081392 ARM v10-nodebug-500 ENV BIN=provider-v10 UPJET_FAMILY_FILTER=s3 GODEBUG=disablethp=1 GOGC=25 UPJET_PPROF_ADDR=:6060 RATE=10 UPJET_LAZY_CONVERT=1 UPJET_SHARE_SCHEME=1 UPJET_NO_LOG_SAMPLER=1 UPJET_CLEAR_SCHEMAFUNC=1 UPJET_STRIP_CACHE_METADATA=1 UPJET_SCHEME_FAMILY=1 UPJET_CACHE_AWS_CLIENT=1 MRS=500 UPJET_SUPPRESS_SDK_DEBUG_LOG=1
1788081393	v10-ctrl-500	77942620	0	315	500	294712	294712	124372	170336	127048	124380	124352	0	4	4	128924	61953	77208	15816	11656	93024	140902	6280	76706
1788081413	v10-nodebug-500	1351796	0	0	0	279604	279604	122120	157480	124504	122120	122012	0	4	4	124504								
# 1788081415 READY v10-nodebug-500 ready_s=3
# 1788081415 LOG v10-nodebug-500 {"level":"info","ts":1788081414.3840318,"logger":"provider-aws","msg":"provider configuration built","sinceStart":"873.1775ms","clusterResources":25,"namespacedResources":25}
1788081435	v10-nodebug-500	3101035	0	22	0	229060	279180	65264	163792	66776	65264	65168	0	4	4	124504	26347	32008	73400	71912	105408	141446	6031	32726
1788081455	v10-nodebug-500	3405851	0	42	0	230524	279180	66728	163792	67988	66728	66692	0	4	4	124504	25859	31384	74024	70808	105408	141446	6031	32623
1788081475	v10-nodebug-500	3715256	0	62	0	230632	279180	66836	163792	68860	66828	66824	0	4	4	124504	25185	30952	74456	70768	105408	141446	6031	32558
1788081495	v10-nodebug-500	4003003	0	82	0	231556	279180	67764	163788	69788	67748	67740	0	4	4	124504	28179	34008	71336	69792	105344	141446	6031	32819
# 1788081505 PHASE v10-nodebug-500 idle-done
1788081515	v10-nodebug-500	20737112	0	102	500	288684	288684	119304	169376	122616	119304	119300	0	4	4	124504	65514	74280	23512	18992	97792	142486	6249	73393
# 1788081527 CREATED v10-nodebug-500 ready_buckets=500 in 112s
1788081535	v10-nodebug-500	24332260	0	122	500	279848	287936	110468	169376	112684	110452	110448	0	4	4	124504	52979	70920	33112	28704	104032	142486	6068	62600
1788081556	v10-nodebug-500	24764215	0	143	500	280672	287936	111164	169504	113172	111164	111064	0	4	4	124504	49637	68848	35408	28016	104256	142486	6068	63220
1788081576	v10-nodebug-500	30979446	0	163	500	279880	287936	110248	169628	113324	110236	110164	0	4	4	124504	56195	69880	33416	29168	103296	142998	6068	62379
1788081596	v10-nodebug-500	34648145	0	183	500	279964	287936	110076	169884	111996	110076	110072	0	4	4	124504	50359	66984	37176	29440	104160	142998	6068	62373
1788081616	v10-nodebug-500	34985634	0	203	500	280308	287936	110420	169884	112324	110420	110416	0	4	4	124504	55360	69736	34520	29096	104256	142998	6062	63289
1788081636	v10-nodebug-500	41870002	0	223	500	279380	287936	109428	169948	112424	109428	109424	0	4	4	124504	53527	67232	36576	30288	103808	143510	6062	62635
1788081656	v10-nodebug-500	45140278	0	243	500	279504	287936	109552	169948	111608	109552	109452	0	4	4	124504	54021	69208	34856	30240	104064	143510	6062	62365
1788081677	v10-nodebug-500	45549450	0	264	500	280192	287936	110240	169948	112132	110240	110236	0	4	4	124504	49627	66960	37328	29552	104288	143510	6058	63208
1788081697	v10-nodebug-500	52856518	0	284	500	277916	287936	107964	169948	110448	107952	107940	0	4	4	124504	52578	67248	36720	31984	103968	143510	6054	63466
1788081717	v10-nodebug-500	55933294	0	304	500	278324	287936	108372	169948	110248	108372	108368	0	4	4	124504	52858	68200	36024	31640	104224	143766	6054	62239
# 1788081727 LIMITS v10-nodebug-500 restarts=0 lastTerm=none max=max peak=127492096 events: low 0 high 0 max 0 oom 0 oom_kill 0 oom_group_kill 0 sock_throttled 0 
# 1788081727 END v10-nodebug-500
# 1788081727 MATRIX DONE
1788081737	v10-nodebug-500	56336540	0	324	500	278668	287936	108716	169948	111104	108716	108712	0	4	4	124504	48841	66280	38104	31296	104384	143766	6054	62258
1788081757	v10-nodebug-500	63826157	0	344	500	278932	287936	108916	170012	111556	108916	108912	0	4	4	124504	53272	66864	36944	31256	103808	143766	6054	63204
1788081777	v10-nodebug-500	66812496	0	364	500	279104	287936	108960	170140	110812	108960	108956	0	4	4	124504	48414	65808	38512	31256	104320	143766	6054	61690
1788081798	v10-nodebug-500	67170601	0	385	500	279104	287936	108960	170140	111608	108960	108956	0	4	4	124504	53868	68592	35728	31256	104320	143766	6052	62386
1788081818	v10-nodebug-500	75020270	0	405	500	278816	287936	108544	170268	110912	108544	108540	0	4	4	124504	49251	66128	38032	31776	104160	144022	6054	62957
1788081838	v10-nodebug-500	77857415	0	425	500	279540	287936	109268	170268	111136	109268	109264	0	4	4	124504	52955	68272	35984	31088	104256	144022	6054	63426
1788081858	v10-nodebug-500	78579674	0	445	500	281208	287936	110936	170268	113312	110936	110932	6144	4	4	124504	56418	70752	33760	29752	104512	144022	6054	65813
1788081879	v10-nodebug-500	90816908	0	466	500	287280	289276	116752	170524	119168	116752	116748	6144	4	4	124504	56108	73800	30232	24144	104032	144022	6062	69165
1788081899	v10-nodebug-500	94359949	0	486	500	286460	289276	115932	170524	117948	115932	115928	6144	4	4	124504	59059	76352	28320	24848	104672	144022	6062	71037
1788081919	v10-nodebug-500	95092142	0	506	500	288828	289276	118300	170524	120828	118012	118008	6144	4	4	124504	62237	77104	27536	22584	104640	144022	6062	74868
1788081940	v10-nodebug-500	105488880	0	527	500	294216	296376	123688	170524	126704	123688	123684	6144	4	4	129352	64304	80168	24056	17336	104224	144278	6062	77991
1788081960	v10-nodebug-500	108191103	0	547	500	294364	296376	123836	170524	125500	123836	123832	6144	4	4	129352	65165	81488	23088	17216	104576	144278	6062	76977
1788081980	v10-nodebug-500	108576275	0	567	500	295028	296376	124500	170524	126416	124500	124496	6144	4	4	129352	62373	79360	25344	16568	104704	144278	6058	77314
1788082000	v10-nodebug-500	116160061	0	587	500	294172	296376	123644	170524	126556	123640	123624	6144	4	4	129352	68526	79760	24560	17528	104320	144278	6058	76849
1788082021	v10-nodebug-500	118162747	0	608	500	294644	296376	124116	170524	125752	124116	124112	6144	4	4	129352	69334	82704	21776	17072	104480	144278	6048	76135
1788082041	v10-nodebug-500	118783088	0	628	500	294644	296376	124116	170524	126236	124116	124112	6144	4	4	129352	62190	79024	25552	17072	104576	144278	6046	77007
1788082061	v10-nodebug-500	126451578	0	648	500	292864	296376	122336	170524	124988	122336	122332	6144	4	4	129352	63088	79224	25256	18968	104480	144286	6054	77270
1788082081	v10-nodebug-500	128523580	0	668	500	293568	296376	123040	170524	124952	123040	123036	6144	4	4	129352	67940	81784	22760	18280	104544	144286	6054	76899
1788082101	v10-nodebug-500	129276939	0	688	500	293916	296376	123388	170524	125036	123388	123384	6144	4	4	129352	63822	79072	25440	17936	104512	144286	6054	77013
1788082121	v10-nodebug-500	137077142	0	708	500	294008	296376	123480	170524	126124	123472	123468	6144	4	4	129352	69972	80576	23712	17936	104288	144542	6050	78814
1788082142	v10-nodebug-500	138862962	0	729	500	294024	296376	123496	170524	125144	123496	123492	6144	4	4	129352	67179	81592	22984	17936	104576	144542	6050	76254
1788082162	v10-nodebug-500	139751743	0	749	500	294028	296376	123500	170524	125872	123500	123496	6144	4	4	129352	60745	78760	25848	17936	104608	144542	6046	76944
1788082182	v10-nodebug-500	147621057	0	769	500	294104	296376	123576	170524	125960	123576	123572	6144	4	4	129352	66866	79568	24848	17936	104416	144542	6046	77580
1788082202	v10-nodebug-500	149447973	0	789	500	294112	296376	123584	170524	124980	123584	123580	6144	4	4	129352	63360	79800	24872	17936	104672	144542	6046	76802
1788082222	v10-nodebug-500	150351554	0	809	500	294120	296376	123592	170524	126204	123592	123584	6144	4	4	129352	61963	78576	26000	17936	104576	144542	6046	76898
1788082242	v10-nodebug-500	158240937	0	829	500	294220	296376	123692	170524	125860	123688	123680	6144	4	4	129352	63062	78688	25856	17936	104544	144798	6044	76252
1788082263	v10-nodebug-500	160187801	0	850	500	294232	296376	123704	170524	125088	123704	123700	6144	4	4	129352	60862	78992	25744	17936	104736	144798	6044	77206
1788082283	v10-nodebug-500	161235007	0	870	500	294236	296376	123708	170524	125840	123708	123704	6144	4	4	129352	60109	78544	26096	17936	104640	144798	6044	76708
1788082303	v10-nodebug-500	169187461	0	890	500	293580	296376	123052	170524	126200	123048	123040	6144	4	4	129352	60432	78736	25968	18672	104704	144798	6050	77315
1788082323	v10-nodebug-500	170856235	0	910	500	293588	296376	123060	170524	125472	123060	123056	6144	4	4	129352	64791	80008	24664	18672	104672	144798	6050	76503
1788082343	v10-nodebug-500	172033755	0	930	500	293936	296376	123408	170524	125564	123408	123400	6144	4	4	129352	67128	79272	25208	18328	104480	144798	6050	77273
1788082363	v10-nodebug-500	179847730	0	950	500	294004	296376	123476	170524	125404	123476	123472	6144	4	4	129352	67149	79472	24976	18328	104448	144798	6054	76924
# 1788082371 MATRIX DONE
# 1788082371 MATRIX DONE
# 1788082371 MATRIX DONE
# 1788082371 ARM sec-on-5000 ENV BIN=provider-v10 UPJET_FAMILY_FILTER=s3 GODEBUG=disablethp=1 GOGC=25 UPJET_PPROF_ADDR=:6060 RATE=10 UPJET_LAZY_CONVERT=1 UPJET_SHARE_SCHEME=1 UPJET_NO_LOG_SAMPLER=1 UPJET_CLEAR_SCHEMAFUNC=1 UPJET_STRIP_CACHE_METADATA=1 UPJET_SCHEME_FAMILY=1 UPJET_CACHE_AWS_CLIENT=1 UPJET_SUPPRESS_SDK_DEBUG_LOG=1 SECCACHE=true
# 1788082395 READY sec-on-5000 ready_s=4
# 1788082395 LOG sec-on-5000 {"level":"info","ts":1788082392.94877,"logger":"provider-aws","msg":"provider configuration built","sinceStart":"859.358792ms","clusterResources":25,"namespacedResources":25}
1788082404	sec-on-5000	3203502	0	13	0	245768	283588	81204	164560	82880	81204	81160	0	20	20	127988	36159	42128	63824	56520	105952	141198	6031	46956
1788082424	sec-on-5000	3446812	0	33	0	245808	283588	81248	164556	83032	81248	81244	0	20	20	127988	37152	43056	62864	56520	105920	141198	6031	46908
1788082444	sec-on-5000	3698225	0	53	0	245824	283588	81264	164556	83040	81264	81256	0	20	20	127988	38572	44664	61224	56520	105888	141198	6031	46754
1788082464	sec-on-5000	3979511	0	73	0	245828	283588	81268	164556	82536	81268	81264	0	20	20	127988	40238	46192	59664	56520	105856	141198	6032	46770
1788082484	sec-on-5000	4209403	0	93	0	245856	283588	81296	164556	82816	81296	81292	0	20	20	127988	40579	46680	59176	56496	105856	141198	6031	46777
# 1788082496 MATRIX DONE
# 1788082496 MATRIX DONE
# 1788082496 MATRIX DONE
# 1788082496 ARM sec-on-5000 ENV BIN=provider-v10 UPJET_FAMILY_FILTER=s3 GODEBUG=disablethp=1 GOGC=25 UPJET_PPROF_ADDR=:6060 RATE=10 UPJET_LAZY_CONVERT=1 UPJET_SHARE_SCHEME=1 UPJET_NO_LOG_SAMPLER=1 UPJET_CLEAR_SCHEMAFUNC=1 UPJET_STRIP_CACHE_METADATA=1 UPJET_SCHEME_FAMILY=1 UPJET_CACHE_AWS_CLIENT=1 UPJET_SUPPRESS_SDK_DEBUG_LOG=1 SECCACHE=true
# 1788083215 MATRIX DONE
# 1788083215 MATRIX DONE
# 1788083215 MATRIX DONE
# 1788083215 ARM sec-on-5000 ENV BIN=provider-v10 UPJET_FAMILY_FILTER=s3 GODEBUG=disablethp=1 GOGC=25 UPJET_PPROF_ADDR=:6060 RATE=10 UPJET_LAZY_CONVERT=1 UPJET_SHARE_SCHEME=1 UPJET_NO_LOG_SAMPLER=1 UPJET_CLEAR_SCHEMAFUNC=1 UPJET_STRIP_CACHE_METADATA=1 UPJET_SCHEME_FAMILY=1 UPJET_CACHE_AWS_CLIENT=1 UPJET_SUPPRESS_SDK_DEBUG_LOG=1 SECCACHE=true
# 1788083220 READY sec-on-5000 ready_s=3
# 1788083220 LOG sec-on-5000 {"level":"info","ts":1788083219.2334948,"logger":"provider-aws","msg":"provider configuration built","sinceStart":"849.937251ms","clusterResources":25,"namespacedResources":25}
1788083225	sec-on-5000	3038156	0	7	0	220432	281388	56444	163984	57924	56444	56440	0	4	4	127064	32337	37944	90280	85208	128224	145478	1531	41044
1788083245	sec-on-5000	3257230	0	27	0	220552	281388	56564	163984	57852	56564	56560	0	4	4	127064	35257	40704	87520	85136	128224	145478	1531	41770
1788083265	sec-on-5000	3519163	0	47	0	221100	281388	57112	163984	58652	57112	56960	0	4	4	127064	32801	38992	89264	84448	128256	145478	1531	41623
1788083285	sec-on-5000	3774094	0	67	0	222028	281388	58048	163976	59588	58048	58044	0	4	4	127064	34954	40808	87352	83336	128160	145478	1531	41498
1788083305	sec-on-5000	4035215	0	87	0	222224	281388	58248	163972	59912	58248	58244	0	4	4	127064	33612	39432	88824	83336	128256	145478	1531	41854
# 1788083310 PHASE sec-on-5000 idle-done
# 1788083320 CREATED sec-on-5000 ready_buckets=50 in 100s
1788083326	sec-on-5000	6601205	0	108	50	232032	281388	63596	168432	65220	63596	63592	0	4	4	127064	38650	46760	81016	78584	127776	145734	1566	45022
1788083346	sec-on-5000	6897455	0	128	50	232044	281388	63608	168432	65748	63608	63604	0	4	4	127064	38306	46536	81528	78584	128064	145734	1566	45248
1788083366	sec-on-5000	7131717	0	148	50	232116	281388	63680	168432	65820	63680	63676	0	4	4	127064	39966	48592	79440	78528	128032	145734	1566	45196
1788083386	sec-on-5000	8354012	0	168	50	232456	281388	63896	168556	65752	63896	63892	0	4	4	127064	38270	46768	81104	78392	127872	145734	1550	44990
1788083406	sec-on-5000	8648855	0	188	50	232456	281388	63896	168556	65720	63896	63892	0	4	4	127064	36742	45448	82616	78392	128064	145734	1537	44972
1788083426	sec-on-5000	8873201	0	208	50	232464	281388	63904	168556	65728	63904	63900	0	4	4	127064	39347	47616	80448	78392	128064	145734	1536	45015
1788083447	sec-on-5000	10132793	0	229	50	233292	281388	64544	168744	66372	64544	64540	0	4	4	127064	37709	46144	81760	77784	127904	145734	1536	44859
1788083467	sec-on-5000	10415612	0	249	50	233360	281388	64548	168808	66356	64548	64544	0	4	4	127064	37387	46096	81968	77784	128064	145734	1536	45207
1788083487	sec-on-5000	10672353	0	269	50	233364	281388	64552	168808	65864	64552	64548	0	4	4	127064	35587	45056	83040	77784	128096	145734	1534	45107
1788083507	sec-on-5000	11971997	0	289	50	233556	281388	64616	168936	66456	64616	64612	0	4	4	127064	38726	46112	81792	77784	127904	145990	1542	45394
# 1788083520 LIMITS sec-on-5000 restarts=0 lastTerm=none max=max peak=130113536 events: low 0 high 0 max 0 oom 0 oom_kill 0 oom_group_kill 0 sock_throttled 0 
# 1788083520 END sec-on-5000
# 1788083520 ARM sec-off-5000 ENV BIN=provider-v10 UPJET_FAMILY_FILTER=s3 GODEBUG=disablethp=1 GOGC=25 UPJET_PPROF_ADDR=:6060 RATE=10 UPJET_LAZY_CONVERT=1 UPJET_SHARE_SCHEME=1 UPJET_NO_LOG_SAMPLER=1 UPJET_CLEAR_SCHEMAFUNC=1 UPJET_STRIP_CACHE_METADATA=1 UPJET_SCHEME_FAMILY=1 UPJET_CACHE_AWS_CLIENT=1 UPJET_SUPPRESS_SDK_DEBUG_LOG=1 SECCACHE=false
# 1788083528 READY sec-off-5000 ready_s=4
# 1788083528 LOG sec-off-5000 {"level":"info","ts":1788083526.074801,"logger":"provider-aws","msg":"provider configuration built","sinceStart":"865.209334ms","clusterResources":25,"namespacedResources":25}
1788083527	sec-off-5000	2631732	0	3	0	203896	278400	40788	163104	42960	40788	40784	0	4	4	122108	21006	26656	97536	95824	124192	141198	1512	26206
1788083548	sec-off-5000	2931113	0	24	0	208148	278400	43960	164184	45472	43960	43948	0	4	4	122108	21914	27344	97104	93272	124448	141198	1522	27431
1788083569	sec-off-5000	3204581	0	45	0	208596	278400	44412	164180	45948	44412	44408	0	4	4	122108	22649	28112	96208	93128	124320	141198	1522	27682
1788083589	sec-off-5000	3513678	0	65	0	208912	278400	44732	164176	47028	44464	44460	0	4	4	122108	21644	27400	96952	92840	124352	141198	1522	27615
1788083609	sec-off-5000	3771043	0	85	0	209132	278400	44952	164176	46244	44936	44904	0	4	4	122108	22563	28080	96208	92632	124288	141198	1522	27571
# 1788083618 PHASE sec-off-5000 idle-done
# 1788083628 CREATED sec-off-5000 ready_buckets=50 in 100s
1788083629	sec-off-5000	6209663	0	105	50	218472	278400	49584	168884	51116	49584	49428	0	4	4	122108	25106	32376	91656	88360	124032	141454	1555	31143
1788083649	sec-off-5000	6506433	0	125	50	218480	278400	49592	168884	51456	49592	49588	0	4	4	122108	26208	33184	90976	88360	124160	141454	1555	31091
1788083669	sec-off-5000	6829397	0	145	50	218504	278400	49616	168884	51460	49616	49600	0	4	4	122108	24120	31744	92480	88360	124224	141454	1555	30778
1788083690	sec-off-5000	8299196	0	166	50	218392	278400	49188	169200	51272	49188	49176	0	4	4	122108	24319	31800	92360	89064	124160	141454	1543	30930
1788083710	sec-off-5000	8588881	0	186	50	218392	278400	49188	169200	50496	49188	49184	0	4	4	122108	26033	32920	91272	89064	124192	141454	1533	30951
1788083730	sec-off-5000	8829845	0	206	50	218556	278400	49352	169200	51932	49352	49348	0	4	4	122108	26432	33400	90792	88848	124192	141454	1531	30852
1788083750	sec-off-5000	10386654	0	226	50	218324	278400	49056	169264	51640	49052	49040	0	4	4	122108	25004	32280	91848	89296	124128	141454	1539	30462
1788083770	sec-off-5000	10686705	0	246	50	218424	278400	49156	169264	50992	49156	49152	0	4	4	122108	26812	33424	90800	89112	124224	141454	1539	30945
1788083790	sec-off-5000	10973297	0	266	50	218512	278400	49244	169264	51308	49244	49240	0	4	4	122108	24207	32056	92232	88968	124288	141454	1539	30889
1788083811	sec-off-5000	12498649	0	287	50	218508	278400	49052	169452	51128	49052	49048	0	4	4	122108	25339	32392	91672	89368	124064	141454	1533	30556
# 1788083828 LIMITS sec-off-5000 restarts=0 lastTerm=none max=max peak=5468160 events: low 0 high 0 max 0 oom 0 oom_kill 0 oom_group_kill 0 sock_throttled 0 
# 1788083828 END sec-off-5000
# 1788083828 MATRIX DONE
1788083831	sec-off-5000	12838991	0	307	50	218508	278400	49052	169452	50612	49052	49048	0	4	4	122108	24702	31928	92328	89368	124256	141454	1527	30842
1788083851	sec-off-5000	13117618	0	327	50	218512	278400	49056	169452	50864	49056	49052	0	4	4	122108	25992	32960	91264	89368	124224	141454	1527	30772
1788083871	sec-off-5000	14775203	0	347	50	218580	278400	49124	169452	50828	49124	49112	0	4	4	122108	24522	32088	92072	89368	124160	141454	1533	31114
1788083891	sec-off-5000	15072973	0	367	50	218580	278400	49124	169452	50440	49124	49120	0	4	4	122108	25497	32584	91640	89368	124224	141454	1533	30945
1788083911	sec-off-5000	15308872	0	387	50	218580	278400	49124	169452	50944	49124	49120	0	4	4	122108	25395	31760	92464	89368	124224	141454	1533	30364
1788083932	sec-off-5000	16858906	0	408	50	218616	278400	49160	169452	51228	49160	49152	0	4	4	122108	25131	32280	91848	89368	124128	141710	1531	31606
1788083952	sec-off-5000	17054969	0	428	50	218616	278400	49160	169452	50964	49160	49156	0	4	4	122108	25588	32624	91632	89368	124256	141710	1531	30971
1788083972	sec-off-5000	17293079	0	448	50	218620	278400	49164	169452	51728	49160	49156	0	4	4	122108	25393	31832	92424	89368	124256	141710	1527	30338
1788083992	sec-off-5000	18866475	0	468	50	219204	278400	49684	169516	51752	49684	49680	0	4	4	122108	27552	32976	91184	88832	124160	141710	1527	30976
1788084012	sec-off-5000	19073696	0	488	50	219204	278400	49684	169516	51492	49684	49680	0	4	4	122108	27663	34216	90040	88832	124256	141710	1527	31210
1788084033	sec-off-5000	19290109	0	509	50	219284	278400	49764	169516	51572	49764	49760	0	4	4	122108	25388	32656	91568	88752	124224	141710	1527	30796
1788084053	sec-off-5000	20905857	0	529	50	219020	278400	49504	169512	51532	49504	49500	0	4	4	122108	25222	32576	91616	89136	124192	141710	1531	31289
1788084073	sec-off-5000	21115069	0	549	50	219156	278400	49576	169576	51392	49576	49572	0	4	4	122108	25730	33144	91144	89048	124288	141710	1531	31258
1788084093	sec-off-5000	21354661	0	569	50	219156	278400	49576	169576	51144	49576	49572	0	4	4	122108	24673	32688	91632	89048	124320	141710	1531	31456
1788084114	sec-off-5000	22929544	0	590	50	219344	278400	49704	169636	51264	49704	49700	0	4	4	122108	25182	32528	91696	88912	124224	142222	1529	30796
1788084134	sec-off-5000	23168416	0	610	50	219344	278400	49704	169636	51512	49704	49700	0	4	4	122108	25023	32952	91336	88912	124288	142222	1530	30748
1788084154	sec-off-5000	23456900	0	630	50	219348	278400	49708	169636	51552	49708	49700	0	4	4	122108	24400	32424	91832	88912	124256	142222	1527	30485
1788084174	sec-off-5000	25014214	0	650	50	219392	278400	49752	169636	51492	49752	49744	0	4	4	122108	24659	32608	91616	88912	124224	142222	1531	30809
1788084195	sec-off-5000	25202300	0	671	50	219420	278400	49780	169636	51088	49780	49776	0	4	4	122108	25826	33176	91112	88912	124288	142222	1531	31474
1788084215	sec-off-5000	25464997	0	691	50	219428	278400	49788	169636	51608	49788	49780	0	4	4	122108	27599	33192	91032	88912	124224	142222	1531	31887
1788084235	sec-off-5000	26969031	0	711	50	219640	278400	49936	169700	51776	49936	49932	0	4	4	122108	25506	33312	90912	88832	124224	142222	1529	31929
1788084255	sec-off-5000	27259180	0	731	50	219640	278400	49936	169700	52004	49936	49932	0	4	4	122108	26397	33552	90736	88832	124288	142222	1529	31037
1788084275	sec-off-5000	27652875	0	751	50	219640	278400	49936	169700	51492	49936	49932	0	4	4	122108	25813	32824	91464	88832	124288	142222	1529	31684
1788084296	sec-off-5000	29141824	0	772	50	219800	278400	49968	169828	51272	49968	49960	0	4	4	122108	24496	32512	91744	88832	124256	142222	1527	31237
1788084316	sec-off-5000	29472179	0	792	50	219800	278400	49968	169828	52256	49968	49964	0	4	4	122108	24828	32816	91504	88832	124320	142222	1525	31489
1788084336	sec-off-5000	29969751	0	812	50	219800	278400	49968	169828	52520	49968	49964	0	4	4	122108	23990	32272	91984	88832	124256	142222	1525	30609
1788084356	sec-off-5000	31438664	0	832	50	219840	278400	50008	169828	52084	50008	50000	0	4	4	122108	26642	33032	91192	88832	124224	142222	1529	30736
1788084376	sec-off-5000	31777432	0	852	50	219844	278400	50012	169828	52344	50012	50008	0	4	4	122108	26496	33640	90616	88832	124256	142222	1529	31483
1788084396	sec-off-5000	32313169	0	872	50	219852	278400	50020	169828	52080	50020	50008	0	4	4	122108	27863	33016	91048	88832	124064	142222	1529	30762
1788084417	sec-off-5000	33769252	0	893	50	219884	278400	50052	169828	51864	50052	50048	0	4	4	122108	25684	32472	91752	88832	124224	142478	1531	30740
1788084437	sec-off-5000	34089726	0	913	50	219884	278400	50052	169828	51616	50052	50048	0	4	4	122108	26475	33856	90368	88832	124224	142478	1531	31462
1788084457	sec-off-5000	34602547	0	933	50	219896	278400	50064	169828	52388	50056	50052	0	4	4	122108	26145	32520	91672	88832	124192	142478	1531	30857
1788084477	sec-off-5000	36047704	0	953	50	219936	278400	50104	169828	51668	50104	50092	0	4	4	122108	25557	32904	91352	88832	124256	142478	1529	31610
1788084497	sec-off-5000	36389768	0	973	50	219936	278400	50104	169828	51400	50104	50100	0	4	4	122108	26442	33512	90744	88832	124256	142478	1527	31232
# 1788084498 MATRIX DONE
# 1788084498 MATRIX DONE
# 1788084498 MATRIX DONE
# 1788084498 ARM v11-nocache-500 ENV BIN=provider-v11 UPJET_FAMILY_FILTER=s3 GODEBUG=disablethp=1 GOGC=25 UPJET_PPROF_ADDR=:6060 RATE=10 UPJET_LAZY_CONVERT=1 UPJET_SHARE_SCHEME=1 UPJET_NO_LOG_SAMPLER=1 UPJET_CLEAR_SCHEMAFUNC=1 UPJET_STRIP_CACHE_METADATA=1 UPJET_SCHEME_FAMILY=1 UPJET_SUPPRESS_SDK_DEBUG_LOG=1 MRS=500
# 1788084504 READY v11-nocache-500 ready_s=2
# 1788084504 LOG v11-nocache-500 {"level":"info","ts":1788084503.6523678,"logger":"provider-aws","msg":"provider configuration built","sinceStart":"882.837125ms","clusterResources":25,"namespacedResources":25}
1788084517	v11-nocache-500	3147698	0	15	0	223572	283344	59260	164308	60816	59260	59256	0	20	20	127680	34019	39312	80880	74320	120192	137102	1531	41906
1788084538	v11-nocache-500	3416701	0	36	0	224256	283344	59948	164304	61248	59948	59940	6144	20	20	127680	32908	38784	81536	74320	120320	137102	1531	41765
1788084558	v11-nocache-500	3636977	0	56	0	224272	283344	59964	164304	61768	59964	59960	6144	20	20	127680	35184	40408	79816	74320	120224	137102	1531	41813
1788084578	v11-nocache-500	3931453	0	76	0	224280	283344	59976	164300	61520	59976	59972	6144	20	20	127680	33397	39152	81104	74320	120256	137102	1531	41827
# 1788084594 PHASE v11-nocache-500 idle-done
1788084598	v11-nocache-500	5861848	0	96	500	237232	283344	68092	169136	71412	68128	68088	6144	20	20	127680	45658	50920	67608	66288	118528	137358	1870	49385
1788084618	v11-nocache-500	11263406	0	116	500	264064	283344	94160	169900	99620	94168	94156	6144	20	20	127680	65041	71112	43608	40824	114720	138382	2860	70721
1788084638	v11-nocache-500	13217437	0	136	500	263104	283344	93200	169900	98320	93200	93196	6144	20	20	127680	51713	64520	50008	41984	114528	138638	2928	59858
1788084659	v11-nocache-500	14398065	0	157	500	261912	283344	91880	170028	96340	91880	91780	6144	20	20	127680	52237	64552	50008	43320	114560	138638	2748	59551
1788084679	v11-nocache-500	15570355	0	177	500	261140	283344	91108	170028	94624	90764	90760	6144	20	20	127680	51327	64216	50344	44104	114560	138638	2250	57287
# 1788084698 MATRIX DONE
# 1788084698 MATRIX DONE
# 1788084698 MATRIX DONE
# 1788084698 ARM v11-nocache-500 ENV BIN=provider-v11 UPJET_FAMILY_FILTER=s3 GODEBUG=disablethp=1 GOGC=25 UPJET_PPROF_ADDR=:6060 RATE=10 UPJET_LAZY_CONVERT=1 UPJET_SHARE_SCHEME=1 UPJET_NO_LOG_SAMPLER=1 UPJET_CLEAR_SCHEMAFUNC=1 UPJET_STRIP_CACHE_METADATA=1 UPJET_SCHEME_FAMILY=1 UPJET_SUPPRESS_SDK_DEBUG_LOG=1 MRS=500
1788084699	v11-nocache-500	18406899	0	197	395	253192	283344	82844	170344	86696	82852	82848	6144	20	20	127680	43195	60656	56112	52400	116768	138638	2099	53856
# 1788084724 READY v11-nocache-500 ready_s=4
# 1788084724 LOG v11-nocache-500 {"level":"info","ts":1788084721.995444,"logger":"provider-aws","msg":"provider configuration built","sinceStart":"879.307126ms","clusterResources":25,"namespacedResources":25}
1788084739	v11-nocache-500	2948005	0	19	0	206980	281348	42600	164376	44348	42600	42596	0	4	4	126848	22471	28248	96008	94768	124256	141206	1531	26970
1788084759	v11-nocache-500	3201681	0	39	0	207892	281348	43516	164372	44768	43516	43512	0	4	4	126848	21877	27536	96816	94104	124352	141206	1531	27262
1788084779	v11-nocache-500	3419590	0	59	0	208248	281348	43872	164372	45124	43872	43868	0	4	4	126848	22558	28336	95984	93800	124320	141206	1531	26854
1788084800	v11-nocache-500	3672485	0	80	0	209000	281348	44628	164368	47156	44628	44624	0	4	4	126848	24308	29952	94304	92896	124256	141206	1531	27625
# 1788084814 PHASE v11-nocache-500 idle-done
1788084820	v11-nocache-500	6111049	0	100	500	222848	281348	53772	169072	56948	53776	53768	0	4	4	126848	27210	36368	86192	84256	122560	141206	1856	34733
1788084840	v11-nocache-500	11337961	0	120	500	235680	281348	66100	169576	70976	66100	66096	0	4	4	126848	36213	44960	74848	72536	119808	142230	2569	44585
1788084860	v11-nocache-500	16754910	0	140	500	252728	281348	83148	169576	89632	83148	83144	0	4	4	126848	51875	58712	57704	56240	116416	142998	3408	60732
1788084880	v11-nocache-500	23113290	0	160	500	275420	281348	105660	169756	113188	105660	105656	0	4	4	126848	63037	75008	37792	34168	112800	142998	4352	77661
1788084900	v11-nocache-500	28139471	0	180	500	286536	286536	116712	169820	125620	116696	116692	0	4	4	126848	80359	85936	24752	23280	110688	143766	4794	86292
1788084921	v11-nocache-500	33063894	0	201	500	290180	290180	120292	169884	129084	120288	120284	0	4	4	130236	71405	85240	25352	20160	110592	144022	4816	87203
# 1788084936 CREATED v11-nocache-500 ready_buckets=500 in 212s
1788084941	v11-nocache-500	37777151	0	221	500	290444	290444	120428	170012	128436	120428	120420	0	4	4	130324	72634	85720	24840	20160	110560	144022	4676	87102
1788084961	v11-nocache-500	40740377	0	241	500	291024	291024	120756	170264	128664	120756	120752	0	4	4	130324	69852	83744	26784	19912	110528	144022	4126	81978
1788084981	v11-nocache-500	45690418	0	261	500	291136	291136	120868	170264	128468	120868	120860	0	4	4	130324	64480	82832	28112	19912	110944	144278	4114	82087
1788085001	v11-nocache-500	50369966	0	281	500	290972	290972	120640	170328	128080	120640	120636	0	4	4	130324	65605	82816	28160	20256	110976	144278	4094	80878
1788085021	v11-nocache-500	53628628	0	301	500	288644	290052	118248	170392	126100	118248	118232	0	4	4	130324	66512	82312	28888	22704	111200	144278	3932	79695
1788085042	v11-nocache-500	58788418	0	322	500	288752	290052	117972	170776	125556	117968	117952	0	4	4	130324	67367	82592	28864	23032	111456	144278	4154	82436
1788085062	v11-nocache-500	63222484	0	342	500	288952	290052	118172	170776	125092	118172	118164	0	4	4	130324	70654	83728	27824	22904	111552	144278	4084	81934
1788085082	v11-nocache-500	66818668	0	362	500	289032	290052	118252	170776	125396	118252	118244	0	4	4	130324	65755	81912	30184	22904	112096	144278	3938	80535
1788085102	v11-nocache-500	71844254	0	382	500	289136	290052	118356	170776	125760	118356	118344	0	4	4	130324	65353	82832	29552	22904	112384	144790	4112	83179
1788085122	v11-nocache-500	76351514	0	402	500	289220	290052	118440	170776	126096	118440	118436	0	4	4	130324	73392	83696	28688	22904	112384	144790	4086	82937
# 1788085137 LIMITS v11-nocache-500 restarts=0 lastTerm=none max=max peak=4702208 events: low 0 high 0 max 0 oom 0 oom_kill 0 oom_group_kill 0 sock_throttled 0 
# 1788085137 END v11-nocache-500
# 1788085137 ARM v11-cache-500 ENV BIN=provider-v11 UPJET_FAMILY_FILTER=s3 GODEBUG=disablethp=1 GOGC=25 UPJET_PPROF_ADDR=:6060 RATE=10 UPJET_LAZY_CONVERT=1 UPJET_SHARE_SCHEME=1 UPJET_NO_LOG_SAMPLER=1 UPJET_CLEAR_SCHEMAFUNC=1 UPJET_STRIP_CACHE_METADATA=1 UPJET_SCHEME_FAMILY=1 UPJET_SUPPRESS_SDK_DEBUG_LOG=1 MRS=500 UPJET_CACHE_AWS_CLIENT=1
# 1788085159 READY v11-cache-500 ready_s=2
# 1788085159 LOG v11-cache-500 {"level":"info","ts":1788085158.6789083,"logger":"provider-aws","msg":"provider configuration built","sinceStart":"878.114584ms","clusterResources":25,"namespacedResources":25}
1788085162	v11-cache-500	2757212	0	5	0	206244	278676	42816	163424	45100	42816	42812	0	4	4	123528	22070	27912	96440	94120	124352	141702	1531	27312
1788085183	v11-cache-500	3063386	0	26	0	208060	278676	44324	163732	45604	44324	44320	0	4	4	123528	22550	28536	95752	93224	124288	141702	1531	27529
1788085203	v11-cache-500	3274844	0	46	0	208612	278676	44876	163732	46924	44876	44872	0	4	4	123528	21507	27640	96648	92664	124288	141702	1531	27512
1788085223	v11-cache-500	3583249	0	66	0	209024	278676	45288	163732	47320	45284	45276	0	4	4	123528	22127	28064	96192	92352	124256	141702	1531	27665
1788085243	v11-cache-500	3834287	0	86	0	209180	278676	45448	163728	46988	45448	45436	0	4	4	123528	22485	28496	95792	92320	124288	141702	1531	27598
# 1788085249 PHASE v11-cache-500 idle-done
1788085263	v11-cache-500	8351424	0	106	500	221112	278676	52672	168436	55100	52672	52668	0	4	4	123528	31021	36096	87616	85488	123712	141702	1568	35145
1788085283	v11-cache-500	14207545	0	126	500	233672	278676	64596	169072	67008	64272	64268	0	4	4	123528	37927	46632	77400	74000	124032	141958	1568	47615
1788085304	v11-cache-500	18948020	0	147	500	243632	278676	74428	169200	77268	74428	74236	0	4	4	123528	48307	54600	69208	64240	123808	142470	1568	55908
1788085324	v11-cache-500	23588913	0	167	500	244808	278676	75540	169264	77652	75540	75536	0	4	4	123528	50913	56656	67024	63368	123680	142470	1554	56420
1788085344	v11-cache-500	28348494	0	187	500	245084	278676	75696	169384	78272	75688	75684	0	4	4	123528	45644	55632	68272	63368	123904	142470	1534	57193
# 1788085351 CREATED v11-cache-500 ready_buckets=500 in 192s
1788085364	v11-cache-500	31400817	0	207	500	246072	278676	76684	169384	78976	76684	76504	0	4	4	123528	47157	55624	68248	62448	123872	142470	1536	56384
1788085384	v11-cache-500	35892519	0	227	500	246356	278676	76844	169508	78928	76840	76824	0	4	4	123528	51217	57312	66496	62448	123808	142470	1544	57917
1788085404	v11-cache-500	40469782	0	247	500	246544	278676	77032	169508	79136	77024	77016	0	4	4	123528	50791	57016	66792	62448	123808	142470	1544	56299
1788085425	v11-cache-500	43346043	0	268	500	246604	278676	77092	169508	79928	77092	77084	0	4	4	123528	50947	57464	66344	62448	123808	142726	1544	56675
1788085445	v11-cache-500	48131498	0	288	500	246700	278676	77188	169508	79512	77188	77184	0	4	4	123528	45070	56232	67768	62448	124000	142982	1544	56968
1788085465	v11-cache-500	52634351	0	308	500	246820	278676	77308	169508	79920	77308	77304	0	4	4	123528	46411	56336	67600	62416	123936	143238	1542	57086
1788085485	v11-cache-500	55808723	0	328	500	246948	278676	77372	169572	79492	77368	77360	0	4	4	123528	45688	56712	67288	62416	124000	143238	1542	57730
1788085505	v11-cache-500	60168465	0	348	500	247056	278676	77480	169572	80068	77472	77468	0	4	4	123528	50948	57944	65864	62392	123808	143238	1540	57574
1788085525	v11-cache-500	64844379	0	368	500	247148	278676	77572	169572	80380	77572	77560	0	4	4	123528	46031	56960	66944	62392	123904	143238	1544	57783
1788085546	v11-cache-500	68014806	0	389	500	247260	278676	77620	169636	79952	77616	77596	0	4	4	123528	46592	56656	67248	62392	123904	143238	1544	57105
# 1788085552 LIMITS v11-cache-500 restarts=0 lastTerm=none max=max peak=126492672 events: low 0 high 0 max 0 oom 0 oom_kill 0 oom_group_kill 0 sock_throttled 0 
# 1788085552 END v11-cache-500
# 1788085552 ARM v11-cache-50 ENV BIN=provider-v11 UPJET_FAMILY_FILTER=s3 GODEBUG=disablethp=1 GOGC=25 UPJET_PPROF_ADDR=:6060 RATE=10 UPJET_LAZY_CONVERT=1 UPJET_SHARE_SCHEME=1 UPJET_NO_LOG_SAMPLER=1 UPJET_CLEAR_SCHEMAFUNC=1 UPJET_STRIP_CACHE_METADATA=1 UPJET_SCHEME_FAMILY=1 UPJET_SUPPRESS_SDK_DEBUG_LOG=1 UPJET_CACHE_AWS_CLIENT=1
# 1788085575 READY v11-cache-50 ready_s=3
# 1788085575 LOG v11-cache-50 {"level":"info","ts":1788085573.5034454,"logger":"provider-aws","msg":"provider configuration built","sinceStart":"880.671876ms","clusterResources":25,"namespacedResources":25}
1788085586	v11-cache-50	2903206	0	14	0	206088	278644	42092	163992	43576	41828	41760	0	4	4	123532	23318	28616	91480	90816	120096	137038	1531	27702
1788085606	v11-cache-50	3194520	0	34	0	207840	278644	43844	163992	46200	43768	43764	0	4	4	123532	21555	27288	92872	89000	120160	137038	1531	27567
1788085626	v11-cache-50	3445012	0	54	0	208372	278644	44316	164052	46092	44312	44284	0	4	4	123532	22668	27984	92144	88872	120128	137038	1531	27670
1788085646	v11-cache-50	3774464	0	74	0	208208	278644	44156	164048	45672	44156	44112	0	4	4	123532	21879	27256	92872	89128	120128	137038	1531	27402
# 1788085665 PHASE v11-cache-50 idle-done
1788085666	v11-cache-50	4964745	0	94	50	216276	278644	48152	168120	50740	48140	48120	0	4	4	123532	26353	31944	87448	85464	119392	137038	1567	29704
# 1788085676 CREATED v11-cache-50 ready_buckets=50 in 101s
1788085687	v11-cache-50	6879241	0	115	50	217324	278644	49008	168312	51276	49008	48904	0	4	4	123532	24389	32712	87192	84808	119904	137294	1566	31115
1788085707	v11-cache-50	7194908	0	135	50	217628	278644	49312	168312	51180	49312	49308	0	4	4	123532	25050	32784	87184	84456	119968	137294	1566	31086
1788085727	v11-cache-50	7721024	0	155	50	217648	278644	49332	168312	51660	49328	49320	0	4	4	123532	26253	32416	87392	84456	119808	137294	1554	30996
1788085747	v11-cache-50	9057277	0	175	50	217720	278644	49404	168312	50980	49404	49400	0	4	4	123532	24344	32136	87800	84456	119936	137550	1554	30429
1788085767	v11-cache-50	9363387	0	195	50	217724	278644	49408	168312	51456	49408	49404	0	4	4	123532	26575	33696	86240	84456	119936	137550	1538	31020
1788085787	v11-cache-50	9954783	0	215	50	217736	278644	49420	168312	51212	49420	49404	0	4	4	123532	24217	31992	87944	84456	119936	137550	1538	30896
1788085808	v11-cache-50	11264676	0	236	50	217852	278644	49476	168372	51280	49476	49472	0	4	4	123532	26071	33192	86744	84456	119936	137550	1536	31024
1788085828	v11-cache-50	11626562	0	256	50	217852	278644	49476	168372	51016	49476	49472	0	4	4	123532	24675	32352	87680	84456	120032	137550	1536	30902
1788085848	v11-cache-50	12487622	0	276	50	217948	278644	49508	168436	51580	49492	49488	0	4	4	123532	25813	31992	87880	84456	119872	137550	1536	30450
1788085868	v11-cache-50	13632235	0	296	50	218040	278644	49536	168500	51336	49536	49532	0	4	4	123532	26255	33352	86552	84456	119904	137550	1536	30934
# 1788085876 LIMITS v11-cache-50 restarts=0 lastTerm=none max=max peak=5214208 events: low 0 high 0 max 0 oom 0 oom_kill 0 oom_group_kill 0 sock_throttled 0 
# 1788085876 END v11-cache-50
# 1788085876 MATRIX DONE
1788085888	v11-cache-50	13982756	0	316	50	218040	278644	49536	168500	50828	49536	49532	0	4	4	123532	24977	32312	87720	84456	120032	137550	1534	31000
1788085908	v11-cache-50	14754104	0	336	50	218128	278644	49560	168564	51612	49552	49548	0	4	4	123532	24422	32056	87912	84456	119968	137550	1534	31133
1788085929	v11-cache-50	16041951	0	357	50	218160	278644	49592	168564	51640	49592	49588	0	4	4	123532	26031	32968	86936	84456	119904	137550	1536	31034
1788085949	v11-cache-50	16362758	0	377	50	218420	278644	49852	168564	51396	49852	49848	2048	4	4	123532	26952	33768	86232	84424	120000	137550	1536	31232
1788085969	v11-cache-50	17323246	0	397	50	218484	278644	49916	168564	52464	49908	49904	4096	4	4	123532	24097	32000	88000	84424	120000	137550	1536	30743
1788085989	v11-cache-50	18363462	0	417	50	218512	278644	49880	168628	51172	49880	49876	4096	4	4	123532	26002	33064	86872	84512	119936	137550	1536	31098
1788086009	v11-cache-50	18709841	0	437	50	218516	278644	49884	168628	51692	49884	49880	4096	4	4	123532	24303	32392	87672	84512	120064	137550	1536	30826
1788086029	v11-cache-50	19733867	0	457	50	218532	278644	49900	168628	51952	49896	49888	4096	4	4	123532	24594	32432	87600	84512	120032	137550	1536	31347
1788086049	v11-cache-50	20793594	0	477	50	218548	278644	49916	168628	51464	49916	49912	4096	4	4	123532	24769	32472	87592	84512	120064	137550	1536	30542
1788086070	v11-cache-50	21117655	0	498	50	218548	278644	49916	168628	51964	49916	49912	4096	4	4	123532	26406	33736	86360	84512	120096	137550	1534	31261
1788086090	v11-cache-50	22031457	0	518	50	218560	278644	49928	168628	51716	49928	49924	4096	4	4	123532	26087	32400	87568	84512	119968	137550	1534	30739
1788086110	v11-cache-50	23194887	0	538	50	218760	278644	49936	168820	52004	49936	49932	4096	4	4	123532	26400	33360	86640	84512	120000	137550	1536	31598
1788086130	v11-cache-50	23564671	0	558	50	218760	278644	49936	168820	51776	49936	49932	4096	4	4	123532	25234	32952	87240	84512	120192	137550	1536	31365
1788086150	v11-cache-50	24599939	0	578	50	218776	278644	49952	168820	52464	49952	49948	4096	4	4	123532	24433	32672	87392	84512	120064	138062	1536	31150
1788086170	v11-cache-50	25568983	0	598	50	219164	278644	50212	168948	51748	50212	50208	4096	4	4	123532	26109	33400	86664	84144	120064	138062	1536	31496
1788086191	v11-cache-50	25940529	0	619	50	219168	278644	50216	168948	52004	50216	50212	4096	4	4	123532	24763	33208	86984	84144	120192	138062	1534	31580
# 1788086205 MATRIX DONE
# 1788086205 MATRIX DONE
# 1788086205 MATRIX DONE
# 1788086205 ARM crossref-control ENV BIN=provider-v11 UPJET_FAMILY_FILTER=s3 GODEBUG=disablethp=1 GOGC=25 UPJET_PPROF_ADDR=:6060 RATE=10 UPJET_LAZY_CONVERT=1 UPJET_SHARE_SCHEME=1 UPJET_NO_LOG_SAMPLER=1 UPJET_CLEAR_SCHEMAFUNC=1 UPJET_STRIP_CACHE_METADATA=1 UPJET_SUPPRESS_SDK_DEBUG_LOG=1 UPJET_CACHE_AWS_CLIENT=1
1788086211	crossref-control	2619319	0	1	0	200776	288028	40472	160300	42368	40472	40464	0	4	4	132176								
# 1788086213 READY crossref-control ready_s=4
# 1788086213 LOG crossref-control {"level":"info","ts":1788086211.1606224,"logger":"provider-aws","msg":"provider configuration built","sinceStart":"895.367459ms","clusterResources":25,"namespacedResources":25}
1788086232	crossref-control	3058033	0	22	0	213968	288028	48372	165592	49888	48372	48368	0	4	4	132176	27001	33128	95064	92744	128192	145590	1540	32098
1788086252	crossref-control	3300584	0	42	0	214708	288028	49124	165580	50416	49124	49120	0	4	4	132176	28153	34192	94000	92392	128192	145590	1540	32316
1788086272	crossref-control	3555967	0	62	0	215744	288028	50160	165580	52440	50160	50148	0	4	4	132176	27717	33392	94864	91232	128256	145590	1540	32487
1788086292	crossref-control	3815588	0	82	0	215812	288028	50228	165580	51772	50228	50224	0	4	4	132176	27378	33464	94728	91232	128192	145590	1540	32251
# 1788086303 PHASE crossref-control idle-done
1788086312	crossref-control	6100262	0	102	50	224324	288028	54408	169912	56276	54408	54404	0	4	4	132176	30564	37968	89744	87608	127712	145590	1575	35723
# 1788086313 CREATED crossref-control ready_buckets=50 in 100s
1788086333	crossref-control	6367276	0	123	50	224332	288028	54416	169912	56300	54416	54412	0	4	4	132176	30684	38312	89720	87600	128032	145590	1575	35676
1788086353	crossref-control	6648291	0	143	50	224464	288028	54420	170040	56028	54420	54416	0	4	4	132176	28132	36584	91512	87600	128096	145590	1575	35806
1788086373	crossref-control	8212085	0	163	50	224640	288028	54532	170104	56656	54528	54524	0	4	4	132176	28961	36856	91080	87584	127936	145590	1563	35884
1788086393	crossref-control	8488797	0	183	50	224644	288028	54536	170104	56912	54536	54532	0	4	4	132176	28723	36680	91416	87584	128096	145590	1563	34881
1788086413	crossref-control	8753758	0	203	50	224776	288028	54540	170232	56880	54540	54536	0	4	4	132176	29466	37368	90728	87584	128096	145590	1547	35353
1788086433	crossref-control	10259792	0	223	50	224896	288028	54604	170288	56440	54604	54600	0	4	4	132176	31445	37408	90464	87584	127872	145846	1545	36029
1788086454	crossref-control	10485598	0	244	50	224896	288028	54604	170288	56844	54604	54600	0	4	4	132176	28158	36616	91512	87584	128128	145846	1545	35824
1788086474	crossref-control	10624928	0	264	50	224896	288028	54604	170288	56428	54604	54600	0	4	4	132176	31196	38200	89896	87584	128096	145846	1543	35623
1788086494	crossref-control	12187267	0	284	50	224960	288028	54668	170288	56236	54668	54664	0	4	4	132176	30130	36744	91096	87584	127840	145846	1545	35504
# 1788086514 LIMITS crossref-control restarts=0 lastTerm=none max=max peak=135348224 events: low 0 high 0 max 0 oom 0 oom_kill 0 oom_group_kill 0 sock_throttled 0 
# 1788086514 END crossref-control
# 1788086514 MATRIX DONE
1788086514	crossref-control	12405245	0	304	50	224960	288028	54668	170288	55992	54668	54664	0	4	4	132176	28677	36600	91464	87584	128064	145846	1545	35078
1788086535	crossref-control	12586698	0	325	50	224960	288028	54668	170288	56240	54668	54664	0	4	4	132176	28310	36600	91528	87584	128128	145846	1545	35406
1788086555	crossref-control	14110582	0	345	50	225016	288028	54724	170288	56312	54716	54712	0	4	4	132176	30308	36664	91304	87584	127968	145846	1549	34998
1788086575	crossref-control	14310159	0	365	50	225016	288028	54724	170288	57064	54724	54720	0	4	4	132176	31287	38496	89536	87584	128032	145846	1549	35558
1788086595	crossref-control	14475271	0	385	50	225020	288028	54728	170288	56820	54728	54724	0	4	4	132176	29953	37760	90336	87584	128096	145846	1549	35806
1788086616	crossref-control	16017531	0	406	50	225068	288028	54776	170288	56352	54776	54772	0	4	4	132176	31091	37336	90600	87584	127936	145846	1545	35294
1788086636	crossref-control	16255185	0	426	50	225068	288028	54776	170288	56596	54776	54772	0	4	4	132176	29260	37240	90856	87584	128096	145846	1545	35844
1788086656	crossref-control	16438999	0	446	50	225320	288028	55028	170288	57236	55028	55016	0	4	4	132176	27661	36424	91704	87200	128128	145846	1545	35207
1788086676	crossref-control	17938958	0	466	50	225376	288028	54828	170544	56408	54828	54824	0	4	4	132176	28392	36992	91040	87456	128032	145846	1547	35915
1788086697	crossref-control	18199646	0	487	50	225384	288028	54836	170544	56408	54836	54832	0	4	4	132176	28430	37208	90888	87456	128096	145846	1548	35964
1788086717	crossref-control	18342179	0	507	50	225388	288028	54840	170544	56420	54840	54836	0	4	4	132176	31389	38808	89288	87456	128096	145846	1547	35821
1788086737	crossref-control	19923696	0	527	50	225532	288028	54984	170544	57580	54980	54972	0	4	4	132176	28254	36984	91048	87456	128032	145846	1547	35341
1788086757	crossref-control	20130713	0	547	50	225532	288028	54984	170544	57072	54984	54980	0	4	4	132176	29151	37712	90384	87456	128096	145846	1545	36208
1788086777	crossref-control	20445395	0	567	50	225564	288028	55016	170544	57320	55012	55008	0	4	4	132176	27657	36784	91248	87448	128032	145846	1545	35194
1788086798	crossref-control	21894211	0	588	50	225596	288028	55052	170540	56868	55052	55048	0	4	4	132176	30293	37696	90336	87448	128032	145846	1547	36402
1788086818	crossref-control	22159039	0	608	50	225596	288028	55052	170540	57396	55052	55048	0	4	4	132176	30402	38656	89440	87448	128096	145846	1547	35677
1788086838	crossref-control	22558134	0	628	50	225600	288028	55056	170540	57132	55056	55052	0	4	4	132176	31225	37952	90048	87448	128000	145846	1546	36593
1788086858	crossref-control	23808108	0	648	50	225704	288028	55096	170604	57160	55096	55088	0	4	4	132176	30330	37632	90368	87448	128000	146102	1545	36107
1788086878	crossref-control	24186055	0	668	50	225704	288028	55096	170604	56916	55096	55092	0	4	4	132176	29187	37640	90488	87448	128128	146102	1545	36282
1788086899	crossref-control	24670397	0	689	50	225704	288028	55096	170604	57412	55096	55092	0	4	4	132176	32531	38296	89544	87448	127840	146102	1546	35575
1788086919	crossref-control	26166762	0	709	50	225876	288028	55140	170732	56952	55140	55136	0	4	4	132176	30574	37392	90608	87448	128000	146102	1545	36334
1788086939	crossref-control	26509112	0	729	50	225876	288028	55140	170732	56712	55140	55136	0	4	4	132176	29028	37544	90584	87448	128128	146102	1543	36130
1788086959	crossref-control	26984757	0	749	50	225876	288028	55140	170732	56712	55140	55136	0	4	4	132176	28870	37456	90608	87448	128064	146102	1543	36081
1788086979	crossref-control	28479195	0	769	50	225912	288028	55180	170728	57268	55180	55176	0	4	4	132176	28995	37440	90624	87448	128064	146102	1545	35404
1788086999	crossref-control	28839819	0	789	50	225912	288028	55180	170728	56760	55180	55176	0	4	4	132176	28511	37496	90632	87448	128128	146102	1545	36266
1788087020	crossref-control	29231088	0	810	50	225916	288028	55184	170728	57012	55180	55176	0	4	4	132176	31478	37904	90128	87448	128032	146102	1545	36683
1788087040	crossref-control	30686540	0	830	50	225952	288028	55220	170728	57028	55220	55216	0	4	4	132176	32258	38120	89848	87448	127968	146102	1545	35692
1788087060	crossref-control	31023933	0	850	50	225952	288028	55220	170728	56788	55220	55216	0	4	4	132176	28978	37568	90592	87448	128160	146102	1545	36195
1788087080	crossref-control	31548001	0	870	50	225956	288028	55224	170728	57560	55224	55220	0	4	4	132176	28013	37072	91024	87448	128096	146102	1545	35637
1788087100	crossref-control	33013479	0	890	50	225988	288028	55256	170728	57616	55256	55252	0	4	4	132176	29111	36952	91112	87448	128064	146102	1545	35436
1788087120	crossref-control	33309630	0	910	50	225988	288028	55256	170728	56716	55256	55252	0	4	4	132176	30192	38048	90048	87448	128096	146102	1543	36263
1788087141	crossref-control	33837234	0	931	50	225996	288028	55264	170728	57328	55264	55256	0	4	4	132176	30173	37472	90528	87448	128000	146102	1543	35528
1788087161	crossref-control	35395931	0	951	50	226028	288028	55296	170728	57108	55296	55288	0	4	4	132176	28846	37120	90976	87448	128096	146102	1543	36151
1788087181	crossref-control	35681618	0	971	50	226028	288028	55296	170728	56868	55296	55292	0	4	4	132176	31326	38584	89512	87448	128096	146102	1543	36204
1788087201	crossref-control	36266645	0	991	50	226044	288028	55312	170728	58136	55300	55292	0	4	4	132176	30761	37584	90384	87448	127968	146102	1543	35493
1788087221	crossref-control	37602874	0	1011	50	226068	288028	55336	170728	57412	55336	55332	0	4	4	132176	32036	38208	89792	87448	128000	146358	1545	36298
1788087241	crossref-control	37998018	0	1031	50	226072	288028	55340	170728	57424	55340	55336	0	4	4	132176	28437	37248	90912	87448	128160	146358	1545	35507
1788087261	crossref-control	38703871	0	1051	50	226096	288028	55364	170728	57184	55360	55352	0	4	4	132176	30681	37320	90712	87448	128032	146358	1545	36247
1788087282	crossref-control	39899738	0	1072	50	226128	288028	55396	170728	56728	55396	55392	0	4	4	132176	31244	37960	90072	87448	128032	146358	1545	35672
1788087302	crossref-control	40241835	0	1092	50	226132	288028	55400	170728	57228	55400	55396	0	4	4	132176	31235	38776	89288	87448	128064	146358	1543	36172
1788087322	crossref-control	40953268	0	1112	50	226144	288028	55412	170728	57248	55412	55404	0	4	4	132176	30765	37352	90680	87448	128032	146358	1543	36286
1788087342	crossref-control	42228593	0	1132	50	226172	288028	55440	170728	57012	55440	55436	0	4	4	132176	30526	38120	89976	87448	128096	146358	1545	37364
# 1788087360 MATRIX DONE
# 1788087360 MATRIX DONE
# 1788087360 MATRIX DONE
# 1788087360 ARM v12-scheme-50 ENV BIN=provider-v12 UPJET_FAMILY_FILTER=s3 GODEBUG=disablethp=1 GOGC=25 UPJET_PPROF_ADDR=:6060 RATE=10 UPJET_LAZY_CONVERT=1 UPJET_SHARE_SCHEME=1 UPJET_NO_LOG_SAMPLER=1 UPJET_CLEAR_SCHEMAFUNC=1 UPJET_STRIP_CACHE_METADATA=1 UPJET_SUPPRESS_SDK_DEBUG_LOG=1 UPJET_CACHE_AWS_CLIENT=1 UPJET_SCHEME_FAMILY=1
# 1788087366 READY v12-scheme-50 ready_s=2
# 1788087366 LOG v12-scheme-50 {"level":"info","ts":1788087365.61837,"logger":"provider-aws","msg":"provider configuration built","sinceStart":"877.056584ms","clusterResources":25,"namespacedResources":25}
1788087382	v12-scheme-50	3052946	0	18	0	207780	283072	42640	165136	44336	42640	42440	0	4	4	127004	21647	27120	97232	94744	124352	141446	1540	27120
1788087402	v12-scheme-50	3317989	0	38	0	209592	283072	44452	165136	45708	44452	44448	6144	4	4	127004	23411	28728	95592	93688	124320	141446	1540	27885
1788087423	v12-scheme-50	3558586	0	59	0	209892	283072	44752	165136	46520	44732	44728	6144	4	4	127004	23286	28736	95552	93440	124288	141446	1540	27086
1788087443	v12-scheme-50	3849591	0	79	0	210692	283072	45552	165136	47248	45552	45472	6144	4	4	127004	23881	29328	94960	92560	124288	141446	1540	27879
# 1788087456 PHASE v12-scheme-50 idle-done
1788087463	v12-scheme-50	6350783	0	99	50	218888	283072	49364	169520	50724	49364	49360	6144	4	4	127004	25419	32752	91088	89168	123840	141446	1576	31004
# 1788087466 CREATED v12-scheme-50 ready_buckets=50 in 100s
1788087483	v12-scheme-50	6672290	0	119	50	219152	283072	49628	169520	51508	49628	49616	6144	4	4	127004	24527	32888	91240	88888	124128	141446	1575	31300
1788087503	v12-scheme-50	6961473	0	139	50	219180	283072	49656	169520	51520	49656	49652	6144	4	4	127004	25651	33128	90936	88888	124064	141446	1575	31154
1788087523	v12-scheme-50	8431859	0	159	50	219628	283072	49976	169648	51304	49976	49968	6144	4	4	127004	26235	32360	91544	88560	123904	141446	1565	30975
1788087544	v12-scheme-50	8731904	0	180	50	219632	283072	49980	169648	51308	49980	49976	6144	4	4	127004	24532	32712	91384	88560	124096	141446	1565	31300
1788087564	v12-scheme-50	9052904	0	200	50	219640	283072	49988	169648	51300	49984	49980	6144	4	4	127004	25611	32968	91096	88560	124064	141446	1551	31066
1788087584	v12-scheme-50	10617533	0	220	50	219672	283072	50020	169648	52100	50020	50016	6144	4	4	127004	25383	32048	91920	88560	123968	141702	1549	30522
1788087604	v12-scheme-50	10954189	0	240	50	219672	283072	50020	169648	52076	50020	50016	6144	4	4	127004	25550	33016	91048	88560	124064	141702	1549	31119
1788087624	v12-scheme-50	11305992	0	260	50	219672	283072	50020	169648	51812	50020	50016	6144	4	4	127004	24307	32424	91704	88560	124128	141702	1543	30869
1788087644	v12-scheme-50	12826604	0	280	50	219828	283072	50176	169648	51976	50168	50164	6144	4	4	127004	27486	33184	90720	88424	123904	141702	1543	31269
1788087665	v12-scheme-50	13248555	0	301	50	219828	283072	50176	169648	51980	50176	50172	6144	4	4	127004	24364	32584	91512	88424	124096	141702	1543	31074
# 1788087666 LIMITS v12-scheme-50 restarts=0 lastTerm=none max=max peak=4661248 events: low 0 high 0 max 0 oom 0 oom_kill 0 oom_group_kill 0 sock_throttled 0 
# 1788087666 END v12-scheme-50
# 1788087666 ARM v12-noscheme-50 ENV BIN=provider-v12 UPJET_FAMILY_FILTER=s3 GODEBUG=disablethp=1 GOGC=25 UPJET_PPROF_ADDR=:6060 RATE=10 UPJET_LAZY_CONVERT=1 UPJET_SHARE_SCHEME=1 UPJET_NO_LOG_SAMPLER=1 UPJET_CLEAR_SCHEMAFUNC=1 UPJET_STRIP_CACHE_METADATA=1 UPJET_SUPPRESS_SDK_DEBUG_LOG=1 UPJET_CACHE_AWS_CLIENT=1
# 1788087674 READY v12-noscheme-50 ready_s=4
# 1788087674 LOG v12-noscheme-50 {"level":"info","ts":1788087672.2625954,"logger":"provider-aws","msg":"provider configuration built","sinceStart":"930.90525ms","clusterResources":25,"namespacedResources":25}
1788087685	v12-noscheme-50	3112153	0	14	0	212012	286476	46800	165208	48580	46764	46748	0	4	4	130540	26692	32232	100120	98456	132352	149942	1540	32714
1788087705	v12-noscheme-50	3397196	0	34	0	213736	286476	48528	165204	49844	48524	48520	0	4	4	130540	26878	32464	99856	96896	132320	149942	1540	32156
1788087725	v12-noscheme-50	3668815	0	54	0	214320	286476	49116	165200	51428	49116	49064	0	4	4	130540	26884	32632	99688	96600	132320	149942	1540	32128
1788087745	v12-noscheme-50	3959718	0	74	0	214560	286476	49356	165200	51172	49356	49352	0	4	4	130540	26971	32464	99856	96384	132320	149942	1540	32259
# 1788087764 PHASE v12-noscheme-50 idle-done
1788087765	v12-noscheme-50	5216631	0	94	50	222256	286476	53620	168632	56068	53620	53616	0	4	4	130540	30036	35952	95920	92512	131872	149942	1578	34516
# 1788087775 CREATED v12-noscheme-50 ready_buckets=50 in 101s
1788087786	v12-noscheme-50	6654154	0	115	50	222936	286476	54304	168628	55948	54288	54228	0	4	4	130540	28701	37168	94992	91936	132160	149942	1577	35862
1788087806	v12-noscheme-50	6958481	0	135	50	223152	286476	54328	168820	56752	54328	54324	0	4	4	130540	28127	37056	95200	91936	132256	149942	1577	35797
1788087826	v12-noscheme-50	7544924	0	155	50	223200	286476	54380	168816	56576	54360	54356	0	4	4	130540	31147	37320	94680	91920	132000	149942	1563	35136
1788087846	v12-noscheme-50	8765313	0	175	50	223376	286476	54436	168936	55800	54436	54432	0	4	4	130540	28109	36680	95480	91920	132160	149942	1563	35768
1788087866	v12-noscheme-50	9057793	0	195	50	223448	286476	54508	168936	56604	54508	54504	0	4	4	130540	28413	36560	95664	91848	132224	149942	1545	35506
1788087886	v12-noscheme-50	9775619	0	215	50	223540	286476	54536	169000	56868	54536	54524	0	4	4	130540	29297	36232	95864	91848	132096	149942	1546	34833
1788087906	v12-noscheme-50	10783091	0	235	50	223580	286476	54576	169000	56420	54576	54572	0	4	4	130540	29684	37152	95008	91848	132160	149942	1545	35505
1788087927	v12-noscheme-50	11061472	0	256	50	223580	286476	54576	169000	56160	54576	54572	0	4	4	130540	29774	37520	94736	91848	132256	149942	1543	35576
1788087947	v12-noscheme-50	11907523	0	276	50	223616	286476	54612	169000	56940	54592	54584	0	4	4	130540	28660	36384	95744	91848	132128	149942	1543	35358
1788087967	v12-noscheme-50	12985538	0	296	50	223720	286476	54652	169064	56564	54652	54648	0	4	4	130540	28568	36600	95624	91848	132224	150198	1543	35555
# 1788087975 LIMITS v12-noscheme-50 restarts=0 lastTerm=none max=max peak=133672960 events: low 0 high 0 max 0 oom 0 oom_kill 0 oom_group_kill 0 sock_throttled 0 
# 1788087975 END v12-noscheme-50
# 1788087975 ARM v12-scheme-500 ENV BIN=provider-v12 UPJET_FAMILY_FILTER=s3 GODEBUG=disablethp=1 GOGC=25 UPJET_PPROF_ADDR=:6060 RATE=10 UPJET_LAZY_CONVERT=1 UPJET_SHARE_SCHEME=1 UPJET_NO_LOG_SAMPLER=1 UPJET_CLEAR_SCHEMAFUNC=1 UPJET_STRIP_CACHE_METADATA=1 UPJET_SUPPRESS_SDK_DEBUG_LOG=1 UPJET_CACHE_AWS_CLIENT=1 UPJET_SCHEME_FAMILY=1 MRS=500
# 1788087982 READY v12-scheme-500 ready_s=3
# 1788087983 LOG v12-scheme-500 {"level":"info","ts":1788087980.5872884,"logger":"provider-aws","msg":"provider configuration built","sinceStart":"863.470459ms","clusterResources":25,"namespacedResources":25}
1788087987	v12-scheme-500	2843347	0	8	0	205812	279372	41432	164376	43400	41432	41268	0	4	4	124908	22273	27032	97224	95896	124256	141206	1540	27656
1788088007	v12-scheme-500	3129310	0	28	0	207944	279372	43576	164364	45356	43576	43548	0	4	4	124908	24053	28968	95256	94072	124224	141206	1540	27759
1788088027	v12-scheme-500	3413267	0	48	0	209316	279372	44948	164364	46488	44948	44916	0	4	4	124908	23992	28888	95336	92680	124224	141206	1540	27726
1788088048	v12-scheme-500	3770797	0	69	0	209488	279372	45060	164424	47080	45060	45032	0	4	4	124908	21715	26912	97344	92680	124256	141206	1541	27180
1788088068	v12-scheme-500	4074170	0	89	0	209588	279372	45160	164424	46448	45160	45156	0	4	4	124908	22289	27528	96728	92680	124256	141206	1540	27858
# 1788088073 PHASE v12-scheme-500 idle-done
1788088088	v12-scheme-500	9431844	0	109	500	225980	279372	56848	169128	59664	56644	56636	0	4	4	124908	33436	39528	84120	81440	123648	141718	1578	39140
1788088108	v12-scheme-500	14851085	0	129	500	235428	279372	66044	169380	68204	66044	66040	0	4	4	124908	43561	49136	74704	72728	123840	141974	1577	49716
1788088128	v12-scheme-500	19638855	0	149	500	241896	279372	72516	169376	75116	72516	72512	0	4	4	124908	45645	53048	70760	66424	123808	142230	1577	53481
